"nsamp","SRS_means","SRS_SE","Grid_means","Grid_SE","CLHS_means","CLHS_SE","kmn_means","kmn_SE","k_area_means","k_area_SE","k_bias_means","k_bias_SE","k_even_means","k_even_SE","k_neyman_means","k_neyman_SE","p_even","p_even_SE","p_bias_means","p_bias_SE","p_even_means","p_even_SE","p_neyman_means","p_neyman_SE"
5,1.9187385,0.206834449516679,1.95706992857143,0.241388789747814,1.999541,0.24899337200564,2.005988,0.248064615856722,2.04009666666667,0.259172897939293,1.96296966666667,0.209540343816387,1.969355,0.226894899456749,2.01091866666667,0.258553795420537,1.95619666666667,0.216655271856905,2.00026,0.240545950395417,1.938044,0.202512166038996,2.004812,0.241374456638596
6,1.96490166666667,0.217266509485705,1.93895276190476,0.188601146325235,1.956164,0.207964761262462,1.96174457142857,0.214347283505452,2.01100857142857,0.235631108967589,2.008684,0.219734777926037,1.9886335,0.207460177364946,1.98340339285714,0.199885479337313,1.97769547619048,0.274069816540613,1.95434866666667,0.196655763430766,1.9799235,0.20532488203584,1.96401619047619,0.206601695708996
7,1.97014571428571,0.207182068747568,1.92829354365079,0.180761872815597,1.98181242857143,0.186382873362224,2.01375952380952,0.213679394125017,1.97712416666667,0.213536750154595,1.99134053571429,0.189218109312749,1.9930865,0.179825599422776,1.98507160714286,0.226055640797515,1.95886111111111,0.206896866105361,1.98069232142857,0.196360952427912,1.971455,0.204480727857633,1.98942017857143,0.206785747908736
8,1.94265208333333,0.20618812808979,1.97231780988456,0.212926628919974,1.98100767857143,0.206315589397781,1.94627222222222,0.1607542364948,1.98458755555556,0.203506767595431,1.99669611111111,0.192390490699038,1.97790333333333,0.186426472196728,1.97113986111111,0.206639223576392,2.01107144444444,0.202534209095327,1.95673013888889,0.172703486231136,1.98595975,0.179674114466332,1.96174734126984,0.193024797098056
9,2.00848569444444,0.1834057297955,1.94763080519481,0.16584788268138,1.98276416666667,0.199339990573216,1.99551125,0.172107940024813,1.97208266666667,0.172232547323859,1.97995861111111,0.175885029827586,2.00728419444444,0.199960104090651,1.95376058333333,0.183659235645907,1.95996877777778,0.200982223724768,1.98592066666667,0.197436646928433,1.94703077777778,0.179740949323161,1.95008377777778,0.178865726017527
10,1.99922122222222,0.204021557241007,1.97727227453102,0.185844135194891,1.96325733333333,0.168300244935119,1.98300944444444,0.1859949921475,1.95914253535354,0.178356945773768,1.98265080555556,0.191744959909228,1.97905266666667,0.168740673590652,1.97612025252525,0.162731277560985,1.96389415151515,0.175151726760788,2.00861219444444,0.189733608008184,1.96926933333333,0.15721597561519,1.96481377777778,0.169741892037784
11,1.96165319191919,0.159818384038508,1.9550093457376,0.164530798531872,1.96246081818182,0.160146205892701,1.9861621969697,0.188526738460815,1.98424115384615,0.174610780853144,1.97434036363636,0.154820504009435,2.00503,0.168872441354346,1.95888265151515,0.157620962038554,1.98148243589744,0.176910667010399,1.95514845454545,0.161142473836414,1.98933155555556,0.17143973517107,1.94372709090909,0.15480455358556
12,2.00365787878788,0.186502949959921,1.97259969264069,0.168674426876619,1.99415134848485,0.168332839926515,1.99592053030303,0.186872341644158,1.96413097902098,0.15746536644487,1.99185401515152,0.157180307855576,1.98087477777778,0.156286199989875,2.00668639393939,0.190130130980808,1.97706968531469,0.1532259113219,1.97516443939394,0.161488227122708,1.97822883333333,0.146685394450253,1.94371895454545,0.154584199076058
13,1.95818833333333,0.143144982639394,1.98941164914252,0.17816176845583,1.9976558974359,0.193699398373108,1.94050927156177,0.155879522112002,2.00567395604396,0.171901376850455,2.01638782051282,0.17393977283715,1.97396977655678,0.159923869328666,1.97131016483516,0.168513281827551,2.0058728021978,0.188379587310196,1.97571794871795,0.158195115040906,1.98313369230769,0.15962242671466,2.01404683150183,0.170766798089767
14,2.00459873626374,0.174322039400932,1.96772178084416,0.155964606345406,1.98011895604396,0.156184688284147,2.00603252747253,0.176213387400607,2.02470176190476,0.183229654244604,1.96075273310023,0.15130542877437,1.97750715750916,0.146242531405166,1.96594785714286,0.148005123830261,1.97361980586081,0.149111399964483,1.97545175824176,0.152276606311499,1.97339212454212,0.137997290230937,1.9825406996337,0.164700709620816
15,1.99795057142857,0.169178174612364,1.98567642216117,0.149629627181899,1.96804418681319,0.14890487452391,1.97548583333333,0.164232222429152,1.98806003571429,0.158081921016594,1.97442855311355,0.145368042371188,1.97047549184149,0.1281196510895,1.979459875,0.153287563179793,1.96388707142857,0.15208081741935,1.97215145770896,0.146884614551536,1.98108077289377,0.134225072817501,1.96599360989011,0.135109307342652
16,1.97733630952381,0.159538955382753,1.97474095590929,0.148425984539759,1.98245688690476,0.145068388090158,1.96961601923077,0.15642373226303,1.95226413235294,0.136122906724662,1.99320753571429,0.146969016546766,1.99740001831502,0.154889502526823,1.97452826715686,0.14202821631629,1.95969403886555,0.138542144485907,1.971574375,0.156873714763265,2.01346107692308,0.15454336803562,1.96598564460784,0.140484164463147
17,1.94277684313725,0.128016634102826,1.96703281585704,0.140599501448385,1.96890602941176,0.143163970156839,1.99604820833333,0.153580673822714,1.98117412990196,0.151474559093863,1.98036721323529,0.143993914958502,1.98436192307692,0.129147831562582,1.99345435672515,0.144766075368963,1.99147547794118,0.156912220297526,2.00354886029412,0.157032707700964,1.96070159340659,0.129529543530978,1.97396325421397,0.152660538843335
18,1.97918035702614,0.138016978745027,2.024069249398,0.169859176131068,1.98459858660131,0.149976116616822,1.96878654239766,0.142804900206857,1.96380430168559,0.144068371874796,1.97392594035948,0.135047733972428,1.95368477777778,0.137176747591346,1.98800264361885,0.155775512078059,1.97381632266942,0.151606753689251,1.96262470179739,0.143009376098088,1.97981970936533,0.127537995536323,1.97600574303406,0.137360201696099
19,1.96865264361885,0.136888100579215,1.99237225664021,0.14934458768066,1.96030370141039,0.131430815523265,1.96429663450292,0.129028812322031,1.98107563639491,0.133510974698906,1.96825685242518,0.128769200941792,1.99038366374269,0.130530032546965,1.97974557275542,0.140282838440005,1.97825538871689,0.131441683918813,1.95011777605779,0.131119462993225,1.98829787719298,0.126611677338999,1.99613230306158,0.150450295330202
20,1.9814991754386,0.138039035292502,1.97769824138781,0.141429163552107,1.99032501169591,0.142214157017118,1.97739971052632,0.139435887400589,1.96310466917293,0.124573375680415,2.00652934210526,0.131829932775596,1.97956660096319,0.122188568807853,1.9632310877193,0.126653823974866,1.98413009899749,0.139562870201062,1.94867973391813,0.130684969814384,1.94866173976608,0.126513485328672,1.98914191353383,0.127764592945301
21,1.95860406725146,0.125939620362681,1.97800757567007,0.135636025920268,1.95392160526316,0.130861606627895,1.98916400250627,0.13398702416539,1.9543005802005,0.12292217571253,1.96421035156519,0.125674528542028,1.96676880736154,0.122793678563367,1.97944363852814,0.124992249355965,1.99334230325815,0.140368826837515,1.96130446115288,0.127954758201711,1.97333105710354,0.126902913813121,1.96124248917749,0.126571497417954
22,1.98748385064935,0.140001352601003,1.98677234548575,0.13172463347646,1.96242746753247,0.126211225002027,1.94207078674948,0.115476638250084,1.97396636382458,0.134022759149404,1.94699141660971,0.115100096473249,1.94118464740282,0.111419327968311,1.92769027922078,0.102260546360217,1.97230796536797,0.128661873902283,1.99263806197311,0.128731626762389,1.97419225438596,0.121781934056196,1.97066751241741,0.126582211367935
23,1.97257312723508,0.123049468745693,1.98504420810204,0.148898759666968,1.99514228891398,0.129519693261768,1.99056748889516,0.123164976092495,1.9866043854696,0.14521818073655,2.01171741765481,0.132975586434242,1.97810033354037,0.113561188327667,1.94949687088274,0.112921250517543,1.9939112634105,0.131163469371956,1.96900631658197,0.12335380923336,1.98667938880105,0.121549346479374,1.96879445111048,0.121199137698686
24,1.96651739459816,0.117975448331983,1.99268750021058,0.128524069587303,1.97750672101449,0.129770669780286,1.95682436641257,0.115133410840363,1.97347498695652,0.122275642158668,1.98128610671937,0.125620159708728,1.97947023833992,0.126193187266376,1.96832869782609,0.122106189209054,1.96723182536232,0.121816349178019,1.96162077681159,0.104683995190755,1.98764894782609,0.123041538661409,1.95321139637681,0.110934741617086
25,1.98150446521739,0.124514213264328,1.98442367690731,0.126552987849696,1.97019628913043,0.122420597910244,1.98145292101449,0.126150749942755,1.97465386282051,0.125480926324735,1.97164495144928,0.12509451519807,1.95912479202899,0.112144560117001,1.957052237068,0.11498969811065,1.96112007692308,0.123154593828998,1.98099218188406,0.122694909133786,1.97486889756258,0.107703898128851,1.98893247948718,0.122465664094187
26,1.99087841153846,0.129168339278672,1.9784595455197,0.123392238366814,1.95453236282051,0.114620837086685,1.97467390897436,0.127099742516473,1.97553532051282,0.124734332161009,1.9706855798419,0.122657068535149,1.98094224565217,0.11737840742548,1.95945343532764,0.111023014636353,1.96839896923077,0.114013564398516,2.00062390384615,0.132982312510893,1.96574042496706,0.107292314581075,1.97226350826211,0.119112825494582
27,1.9674472951567,0.113950105705801,1.97899729302522,0.12325714448657,1.98876994017094,0.125928967361751,1.97926267108262,0.1241512665812,1.97113592389092,0.118905816009331,1.96465813447293,0.108282910464364,1.99214222582345,0.114602985600062,1.97033877220187,0.113142025486863,1.97640219474969,0.117016502538623,1.95670098846154,0.111653980960061,2.00632399334651,0.115501471465251,1.96263348595849,0.116391767747164
28,1.9548492002442,0.112324479419171,1.96125624212425,0.117659419950959,1.96861949491249,0.118032113265669,1.97697254884005,0.111780229504671,1.99294872466422,0.126278758053574,2.00067679848568,0.128864468773814,1.97754740330232,0.115486641667776,1.97923042464879,0.117464504188953,1.96216789173789,0.10745510879089,1.97118724562475,0.111672990044402,1.97314421018062,0.101922001946792,1.94199380678708,0.102329960453772
29,1.98306155810983,0.112277876783593,1.96520756450073,0.118696913561504,1.95799624977194,0.102000376194211,1.96080956247456,0.106943223569188,1.96879346991366,0.113168269935557,1.99406156877605,0.123327387688042,1.97904214477285,0.108999325471099,1.96170842373654,0.110438829536266,1.96851001557286,0.116931028223052,1.98216917496807,0.113432637480952,1.97931040448823,0.10630048818879,1.96959841871921,0.110888356632158
30,1.99780047947455,0.11715542388955,1.97874524396437,0.115218863061851,1.9683445771757,0.111662221335211,1.96749790804598,0.114325279534108,1.97524531519148,0.114542322678018,1.99714868883415,0.10972617656211,1.9832661385696,0.10060169956005,1.93778357492452,0.102119732650778,1.96580956581387,0.0993944035286071,1.9872546954023,0.123001489386918,1.98264256896552,0.103554885962204,1.95013686948461,0.107083957520076
31,1.99314582906934,0.116004906656286,1.98054656752332,0.128520979430721,1.96734683092325,0.114402729150171,1.96044436994809,0.111278348683829,1.97569283534946,0.113347160299147,1.96642707259389,0.0966576241429793,1.9821006306331,0.0984085106337633,1.96209971711624,0.0994054888650761,1.97809813642473,0.113522413039103,1.99673091434928,0.120337594466368,1.96811933880679,0.0962804123524009,2.00189186491935,0.125665222777308
32,1.9832531780914,0.115190663015176,1.95966347069258,0.106934047135951,1.97779589826659,0.115551559796083,1.96686975739247,0.113955063479729,1.97483588172043,0.108709886179995,1.95805584879032,0.100114763933004,1.97608158365262,0.0992388405282736,1.96035124938905,0.102703981034821,1.96588600910734,0.107001568778871,1.98636825324435,0.112836356170093,1.97033784683452,0.100508228405228,1.96083294959677,0.105955958999815
33,1.96200213373656,0.101452588732692,1.96747753533508,0.100136885951735,1.95995112657793,0.112178079565686,1.97950265304252,0.110459213535269,1.97824320020053,0.113096268051023,1.95912198710899,0.0980434175544708,1.98959472036542,0.111486580369154,1.94998664686476,0.093888578637634,1.97249870320856,0.106934254270718,1.97408366462897,0.109509472478189,1.97539418699071,0.101974426012295,1.96553567725404,0.104104124093565
34,1.9858496535205,0.108496719862455,1.97399533464798,0.109167975027756,1.98048032865419,0.104901689984662,1.96243371275783,0.0932928682294534,1.97213705627706,0.106310416202572,1.9825767806085,0.112268075090881,1.97251647284823,0.092608625882303,1.95795284759358,0.107180593655527,1.98128716297428,0.113269378814676,1.98296946906805,0.0982481476204483,1.98643659612936,0.106029049525666,1.95328390430036,0.0970390365112339
35,1.97427305011777,0.105118483325388,1.9645095927148,0.104360629952121,2.00310052791571,0.124905248051801,1.96445976215941,0.097281479895617,1.96544322759104,0.0952456950783154,1.9943698247549,0.103620358756191,1.96436256633563,0.0973075145837315,1.96949860454993,0.0999879354974515,1.95816649146932,0.106156874670323,1.99248356784759,0.107315733513514,1.98624459186402,0.0954897065489244,1.97781233483483,0.100795935614609
36,1.96024804456328,0.100233277240525,1.97140126808082,0.104997239618391,1.98744301260504,0.106403666330058,1.96045180417622,0.0990890386164221,1.97163920261438,0.107786678241218,1.96423635540277,0.0967644536889342,1.99319289198179,0.0953794807811486,1.96927208451308,0.0909472588759302,1.9573186503268,0.103417527682355,1.97201646982429,0.0962603620823443,1.95342264968487,0.0918803542050289,1.97115275669023,0.102274056603822
37,1.96339380948596,0.102821284349172,1.96503627037105,0.0948413563124038,1.97888588896459,0.102988319749482,1.96886991248391,0.0985401178306804,1.97098316636185,0.0982220501361375,1.96413355169455,0.0984126587619782,1.98635229196906,0.0989198192052482,1.96671553066224,0.100816836120486,1.96313482331956,0.100529483357593,1.97452252018023,0.0995878821353015,2.00393678405908,0.10791357571309,1.97639369329856,0.100284773429564
38,1.97075052987198,0.103208261473524,1.97678078238931,0.104959679299797,1.96944463647858,0.103924474079996,1.98849160463095,0.104405881261796,1.95866235562486,0.100571122781548,1.97234749121591,0.10191208104607,1.97538241081567,0.0891563308029438,1.96499785935733,0.0923350622296386,1.96881618120144,0.101384375495303,1.97491322905323,0.0996084718346509,1.97282243208593,0.0961248514330607,1.95415943295522,0.0984129104551685
39,1.97272714811978,0.10971657684214,1.96570940384212,0.101466849217718,1.97577113235705,0.107540881629686,1.96397362466718,0.101779172669617,1.99140359494109,0.110777692484813,1.952980865722,0.0966882452349627,1.98061516982468,0.0934629070596522,1.95462398110661,0.0905220343724762,1.98361056357977,0.104528357992124,1.981272398907,0.101721762406119,1.97183389014115,0.0890115680883024,1.9699006717274,0.101701805390445
40,1.96499080499325,0.0962533902151178,1.96063482131861,0.10005104454413,1.96601411574935,0.09949939616387,1.98420640047233,0.102938891849044,1.96064599156545,0.0873083977361708,1.97427685155196,0.0971315450132206,1.95607422657475,0.0896116714511763,1.9606567090369,0.0945564908468301,1.96521425947405,0.0929838090909754,1.97906190377321,0.0937203905619721,1.97403561388919,0.0922080981646429,1.95181933014767,0.0941517001514515
41,2.0030742170024,0.109203581796959,1.96173372798354,0.0941526192444539,1.98493884309272,0.101561571563114,1.95383097767808,0.0939232538187927,1.95745609083802,0.0927389425353926,1.97216503633561,0.0907109413407652,1.97150588446949,0.0909341947127251,1.97648399131153,0.0961985541513032,1.97576661147592,0.10325162366419,1.98136342039668,0.0997231911700763,1.98251598995149,0.0984863597864959,1.96108772009292,0.0950592501717212
42,1.9895601087945,0.103883179871098,1.96910383045617,0.0922939081502113,1.97527162505584,0.0983693315213593,1.96102996070011,0.101770497641295,1.96283407183061,0.0924603660828485,1.99218991458948,0.101377812383275,1.99161912380093,0.0944708781390113,1.97747309030197,0.0953297585991466,1.97809333235058,0.0971781396186201,1.97612068355222,0.095323316479061,1.96443078476553,0.0878349141080031,1.98467378413419,0.105530921073594
43,1.97357111453016,0.0991228960739703,1.98064786289367,0.10124813579508,1.97647072818923,0.0975590926872078,1.99365095826182,0.109188450983093,1.9842828664685,0.0951577146132134,1.98407806805598,0.0985034815578325,1.97731696994866,0.0892325954252018,1.97135616047457,0.0937854367099514,1.96270491653837,0.0922892821643127,1.96636582980973,0.091415132090021,1.97105433131984,0.0829620612660635,1.96622779008319,0.0931226331851785
44,1.98275149005041,0.0961213029477421,1.97418748970196,0.0991110344396848,1.95873171280506,0.0864117499732751,1.98450964202228,0.0959917350729004,1.97987903225698,0.0987354207889329,1.9713254083027,0.0893903212812599,1.98387945553542,0.0934360292679533,1.96677872988005,0.0902738716106461,1.95679754626854,0.0886261479059712,1.99541026038482,0.0979791295104184,1.96496273091379,0.0856218542174699,1.97141298374544,0.0983668982426463
45,1.97838270616464,0.0974810748210902,1.96987317862074,0.0973581180645409,1.97238675561301,0.0953450816030556,1.94630224041075,0.0887119257363778,1.9596399828722,0.0935200600979775,1.97953199107434,0.0920416949192287,1.98060292031612,0.0883631594305387,1.9622832114982,0.0893263211905526,1.98169099165569,0.0938652192252338,2.0154438165833,0.107187830996129,1.98026430756066,0.0867858718872253,1.96263232569885,0.0885206800385603
46,1.98271035079307,0.0990054645583376,1.97439409623571,0.0951814889067153,1.97716284497145,0.0974532519842679,2.00291118344406,0.111879866638663,1.97767269822181,0.0886425291880281,1.96235591882278,0.0893121340984145,1.96601786459277,0.0834681156804299,1.97215186921481,0.088177143674975,1.9628551409189,0.0921934196129833,1.95962336147113,0.0910781195888053,1.97221663134669,0.0811101866646511,1.96564471238285,0.0843463288338705
47,1.97729681108028,0.0967717891087093,1.98069291697354,0.099079889928654,1.95385504125436,0.0879129043620666,1.96873626520524,0.0896205600908296,1.97998414066194,0.0926005488176318,1.95996753530681,0.0855624702897773,1.97400323142412,0.0884656566985484,1.9498545309442,0.0861179183718674,1.95852067533919,0.0865134711662447,1.97657303481952,0.0933059218133146,1.97356467352972,0.0826595977092888,1.94879607625372,0.0850934579207423
48,1.99240572458629,0.0982894638598555,1.98223790182109,0.10277106575593,1.96098047986689,0.0884675291595961,1.97557969669989,0.0962795015929691,1.96672934636192,0.0960941575817845,1.97097644548777,0.0815055374901263,1.97222620550731,0.0837442202060602,1.96266560611317,0.0829914718804179,1.97616315443021,0.0935943665874545,1.9762605619668,0.0870582499599613,1.9980345580286,0.0867602513193584,1.95698899549737,0.0850465705957928
49,1.97957729483283,0.0915772755525801,1.96006526429784,0.0866717125567021,1.96897359039774,0.0943846025054808,1.97439201553031,0.0954766866837631,1.97113194528875,0.0937579550394411,1.97303591872526,0.0874373743653112,1.97710153181562,0.0887204207753265,1.98314405975665,0.0931193866004945,1.96349762836518,0.0871038784520441,1.96584114418234,0.0898286982227836,1.97901197861485,0.0867936404051624,1.95872129098702,0.0828856278997105
50,1.99046977408091,0.0954204362096968,1.96703612265935,0.089704424084484,1.9711861622449,0.0936984158564332,1.98277060251122,0.0974964305836684,1.97950579070628,0.0947890870077512,1.97242012412527,0.0853219218252003,1.97236604308269,0.0827184997803535,1.96618610238095,0.0853370365739872,1.97420404114646,0.0888931303441604,1.97180858166648,0.0920036405425897,1.98009114769142,0.0815240605420184,1.96836062277847,0.0850909259808084
51,1.98228813983593,0.0878755736209223,1.98267244799425,0.0930046448360127,1.97903922945178,0.0913760267271773,1.98094506826731,0.0976726542954823,1.982873852501,0.0901276881396847,1.97609241277126,0.0854756391821529,1.98559940995755,0.0839191603725739,1.97658047273371,0.0895272839610953,1.99012473688475,0.103103530184457,1.96718564907963,0.0826456567669249,1.98224865284884,0.0858241466263183,1.96234680346908,0.0873602041081116
52,1.96181108170234,0.0876718935383896,1.98360678740538,0.0979737100899909,1.97507929898729,0.0924917649888377,1.9769759788931,0.0915712205595346,1.96343247121432,0.0833141728028557,1.98324533588036,0.0875955020503785,1.97118260087205,0.0794433294342527,1.96839948612368,0.0885921457904812,1.96869419469535,0.0930784269689445,1.96580497898852,0.0802393932259632,1.95408133720352,0.0762712638061796,1.95940202069751,0.0849861626156762
53,1.99030168846012,0.0961553339688749,1.96776862464765,0.0872694478564324,1.96299180504568,0.0873856851905643,1.96031361453504,0.0827258747902187,1.96728247075899,0.0864226504411746,1.98085691880026,0.0900958249272324,1.98029936476033,0.0805441648008057,1.98549960439524,0.09025171397195,1.9782722890549,0.0924061764621731,1.98206496670271,0.0870832718995291,1.97792725613171,0.0816572657550844,1.95858683730549,0.0788957572106229
54,1.98279784701867,0.0854887871837986,1.98529604258167,0.0933006640410436,1.99501585051905,0.0937494179613965,1.98070078888791,0.0886258080210564,2.00053104307971,0.0985458262168483,1.97841973634075,0.0914431216752863,1.97190722146138,0.0807741131972944,1.95722906879895,0.0790362568786157,1.96855733899656,0.0833967638892863,1.97717362044489,0.0875174323219021,1.97503626986763,0.0787599790673799,1.97560255564858,0.084696220926255
55,1.98716733329913,0.0907502300752837,1.98231683245268,0.0908489071743838,1.9746433789467,0.0881728287370963,1.97275429589017,0.0871169601717658,1.96795131004041,0.0884375325170797,1.96283877915097,0.0841717007448028,1.95379284512949,0.0720541459126726,1.97120652561781,0.0845733634220131,1.97255041027596,0.0890497161955192,1.97869174390808,0.0874412697965443,1.97652759572961,0.0760314955446159,1.96173653137621,0.0802090536669552
56,1.99440392314883,0.101325567600887,1.98405522711067,0.0877578531255513,1.97787590810622,0.0894017892176729,1.97277469644332,0.0878865051957978,1.96128969644439,0.0856079804385759,1.96233270701852,0.0829538646795838,1.986835101511,0.078014536338899,1.96802098635478,0.082204254251631,1.97483628012582,0.0872202941860015,1.96611630023732,0.0868523887238829,1.97895488630377,0.0818258350867408,1.96874681851092,0.0858923955090329
57,1.98233283351054,0.0935284276707007,1.97318557669698,0.0871878529644587,1.96034985961509,0.0811669321904474,1.96499661297182,0.0810523159010092,1.97710074846206,0.084327736451068,1.99095358045999,0.090850677008078,1.97982338560151,0.0787737179650659,1.96916394953685,0.0811901412334995,1.97374044257107,0.0803798170394137,1.97646776362177,0.0849552419933512,1.98673718115113,0.0758561793332606,1.96331729520422,0.0804937116605282
58,1.95919606836448,0.0784612251838275,1.97767802387249,0.0850419508951337,1.98333698012992,0.0941295690470469,1.98047141118247,0.0864019844002886,1.96611916029974,0.0837279858927136,1.97027065491105,0.0825179216122195,1.98027443763778,0.0798110875568846,1.9518832674578,0.0797744743895596,1.97221456068201,0.0859572422837373,1.95950798678929,0.0811643550734578,1.98639780954981,0.0814549313075972,1.97468579590414,0.0829949044060333
59,1.9635573716198,0.0818908019606623,1.96382749014591,0.0828937625837066,1.99550505426885,0.0903184814002804,1.97047464066015,0.0846586965089744,1.96524553474935,0.0835239269277919,1.97535421571902,0.0827961247910677,1.96870364683113,0.0725035899849529,1.97175970528161,0.086213831414732,1.96439364000665,0.079953255573275,1.99047073006157,0.0890421419427207,1.97978760365481,0.0775689030321788,1.96480418729778,0.0794176614913538
60,1.97015073815456,0.0779622521304368,1.98127339649899,0.0835374049869082,1.98966496481487,0.0875443293934179,1.96557755036554,0.080326508179457,1.9794764019246,0.0843435845863599,1.97642294142648,0.0807565960813083,1.96984820353741,0.0726526483139071,1.97938490094025,0.0834130914536872,1.9739416819899,0.0856392975189843,1.98483936069499,0.0834297993328618,1.97785193592763,0.0799782854556521,1.96972211298569,0.0869213426810903
61,1.97619621371358,0.0827586246630735,1.96951915397174,0.0850602522893722,1.98048801866579,0.0851020588550847,1.9730438993125,0.0808024067676777,1.96605723259175,0.0842154175224959,1.97230565163216,0.0810143339088493,1.97155265201065,0.0722530113262166,1.96996395032073,0.0814483930687673,1.96523072607653,0.080074126227147,1.98344302561342,0.0848560586887505,1.97020138932296,0.0729369699016114,1.97541056477225,0.0790593436546212
62,1.96452016653521,0.0824814103606705,1.97420753560887,0.082915966894215,1.98066923420335,0.0792625988671043,1.97251727407105,0.0819894478045167,1.99508746766874,0.0931887210478135,1.97683771547204,0.0804826711627363,1.97593727744734,0.0745833727725395,1.96108829950232,0.0760707418029577,1.96362646360249,0.0735076138655423,1.98134043974371,0.0821773061366155,1.98411671025496,0.0753595973900869,1.97258435311794,0.0832895777347843
63,1.97015477882703,0.0796002957916062,1.98469254692751,0.0850801119180463,1.9718303365818,0.0809481766309296,1.95806565008016,0.0790334580268337,1.99638602803301,0.0912625919815546,1.97026617302447,0.0830197385428328,1.99259312074496,0.076761272750082,1.97211228816952,0.0773511443330986,1.96546298815321,0.0816782033676054,1.9749053901813,0.0862394480507058,1.96345986357416,0.0719398820666351,1.97452911704985,0.080754839617881
64,1.96581076801663,0.083027013359476,1.97022934830359,0.077001872867693,1.96821043880448,0.0757963203708885,1.98111298451866,0.0817113923986829,1.96979991496194,0.083676243878002,1.97061279115044,0.077766790398465,1.98325684534104,0.0752333942688459,1.96327652095777,0.0781527120665456,1.98093091669621,0.0814625969240972,1.98503360267254,0.0813985042449042,1.98673109294256,0.0781093232451676,1.97254318973548,0.0799467066111001
65,1.97806812464675,0.0840581755749385,1.97040296822285,0.0832314650552724,1.96721790730238,0.083799269261102,1.96227063547395,0.0754987882048793,1.9761680397762,0.0813094831393624,1.96863433785424,0.0764047880473056,1.97889078435553,0.0734328686977321,1.96362880708564,0.0738580093749236,1.96579123236833,0.0803440480119831,1.97337367796056,0.0799793771563597,1.9624588385445,0.0671454391130837,1.96993937291906,0.0808887568204566
66,1.97261888126725,0.0814347802593302,1.9748762963779,0.0808534668673277,1.97887470078879,0.0832888880411033,1.97610565313946,0.0792775118212344,1.97442681959138,0.0839720833918361,1.97770847581585,0.0763820257968512,1.9595221231162,0.0704834015152237,1.97440165144195,0.0785554152677759,1.98370585818348,0.0845042738525749,1.97727645395924,0.0823109664554601,1.98942605233463,0.0746280231372349,1.9699981067482,0.0731843216956814
67,1.95596301592127,0.0732989486798322,1.97518118010638,0.0804339747064148,1.97005030625826,0.0802441618427972,1.96277432238486,0.0733840996286054,1.97542210091644,0.0841420348143915,1.97287151779155,0.0755610878146999,1.99597645901276,0.0727976390529749,1.96700986192399,0.0789644267129486,1.97603226286214,0.0824475789865145,1.97685843919165,0.0810665252309918,1.97376327731621,0.0707700822028154,1.96134220291197,0.0734685936465424
68,1.99341810555501,0.0862127180959113,1.97349668053167,0.0792987454142169,1.96420143343546,0.0786972288163766,1.97084091868591,0.0792918518538517,1.9614173371737,0.0737141868677065,1.9826834663473,0.0782776703789536,1.97372340928623,0.0741039823024913,1.97098472314706,0.0783977449929845,1.99353501477153,0.0849551426556619,1.97645407825439,0.080941185186452,1.96167660982165,0.0689837994410203,1.97150744336212,0.074493654240835
69,1.97598312090074,0.0792622668609728,1.97693845347241,0.0787775523231236,1.97369884333457,0.0794729645867858,1.96864673508475,0.0732256094178555,1.96050298786815,0.0748414701678741,1.97442028184894,0.0766451703104758,1.99122219650195,0.0762729059345396,1.97424180863536,0.0768437298339644,1.97775748577868,0.0824649425663112,1.9904479265987,0.0820663280064195,1.982966962578,0.0748197038473303,1.96520484854682,0.0785301770624065
70,1.96083312684022,0.0758752672693276,1.97710889820442,0.0797665272439017,1.98186551110112,0.0826382417374284,1.97487691801678,0.0804261832820788,1.97247543888795,0.0793760075785172,1.97568982104094,0.0791959174963609,1.96393292078585,0.0698075296495086,1.97171076872463,0.0775079225509867,1.97269145880852,0.0798011248804484,1.97947544281614,0.0781708138018334,1.98136280707577,0.070856606750309,1.96445171659952,0.0749945579924151
71,1.97552355459872,0.0831927080162668,1.96811727742516,0.0760496154459931,1.97773719928951,0.0793103066900268,1.9640533882182,0.0747120812742402,1.97704602463631,0.0773534644806615,1.97518318566991,0.0780450700434464,1.98273878071206,0.073028171667874,1.97832729395403,0.0760973462260865,1.97403182627157,0.0825109072045465,1.98396853875398,0.0764207752959683,1.96592326991244,0.0654980394016853,1.98144826935409,0.0788337842251828
72,1.96988894489086,0.0755812524907917,1.97688805994365,0.0812481910273382,1.97531457409432,0.0772632143079974,1.98568684987218,0.0826874038608378,1.98158611418022,0.0801296394399143,1.96857317756812,0.0754624504078848,1.98433323223661,0.0716044978730098,1.95936797471364,0.0726300124548586,1.95992446764416,0.0727563738275693,1.9626687491299,0.0705320698769982,1.98377295987008,0.076207423838413,1.9690831262163,0.0702575485271171
73,1.96401649400666,0.0760802347289379,1.97846526562782,0.0837672156530451,1.97047626287022,0.0785285364820747,1.97515710004872,0.0755557593594821,1.99732957141196,0.082961338123324,1.96829922346793,0.0733627566121656,1.96035189862255,0.0669659617751484,1.96922962409008,0.074053152770223,1.97995471620897,0.0775310418775948,1.96928178518911,0.071581304532467,1.98664483104443,0.0693198375424145,1.95739904181059,0.0760226715018105
74,1.97977756448082,0.0750368168557278,1.97204382940605,0.0731939933560769,1.99631749704257,0.0877386438686616,1.96413671232671,0.0675861732425603,1.96686648533152,0.0755260273416926,1.97515836192295,0.0718371403714742,1.97236894351837,0.0685421615076364,1.97101300863466,0.0736559068314527,1.98638247959216,0.0852779296572313,1.98381975097324,0.0765809151261721,1.97043331473675,0.0668191426091016,1.9599083469693,0.0730884900865725
75,1.98827357049858,0.0802863664448888,1.96040090248981,0.0740616295949548,1.98035062850407,0.0798339000704584,1.9820344830328,0.084072577540033,1.9801656670092,0.0789453130389405,1.96902474514525,0.0712642415055439,1.97974017022619,0.0664576872840544,1.95786585261807,0.0728692895037052,1.97393296523921,0.0768443396315284,1.97648202104717,0.0760362503515642,1.9756732894416,0.0683780978105066,1.95545005777404,0.0692138457291749
76,1.98128842956345,0.0809925014945513,1.97566896208934,0.0822010203167123,1.96853375530484,0.0759234039823451,1.96570526967755,0.072372278564562,1.9812124938905,0.0747083110108015,1.97338485061552,0.0694260111358982,1.98865454355316,0.0717900535524329,1.96619886155007,0.0734283315409817,1.96507798461021,0.0766138068182995,1.97428211231802,0.0712160216140518,1.97802332363873,0.0648061679219214,1.96278807074197,0.0702753127616445
77,1.96146323704585,0.0699689640621234,1.97614278759629,0.0758201094011103,1.98584749644213,0.0780543184905151,1.96882664376789,0.0741045417755466,1.96273909138321,0.073894626692003,1.97018217566133,0.0718621293543806,1.97593968897562,0.0711844509014674,1.96536666104744,0.0699626375961755,1.97816876293507,0.0738247302573834,1.98550223924011,0.0758243874126899,1.97304778917552,0.0658836231267658,1.96866947518156,0.0711728108497609
78,1.96450210638835,0.0782386154054217,1.97339705324094,0.0757234631563122,1.98398872148435,0.0777492201454852,1.964972583871,0.0709004448898575,1.97687072402136,0.0793739429432902,1.9761828844368,0.0698577866535547,1.96483606289552,0.0690834904139872,1.97019063290981,0.0725660052100651,1.97056776252524,0.0677231082000826,1.97504413292848,0.0724318254737351,1.98946074904067,0.0696542068453975,1.99014447040338,0.0770158994578563
79,1.97659202698146,0.0766541396650687,1.98411984422226,0.0823061028377265,1.97425547643345,0.0736850939033389,1.95734458219007,0.0701972296376934,1.98016179790285,0.0754616500929984,1.98290264948225,0.076322647596668,1.9755723590374,0.0654751886619358,1.97072352349602,0.0696012821725051,1.97666137353854,0.0770447563325641,1.9895284609509,0.0788642271332,1.97233060318277,0.0669044756866322,1.95895498487248,0.0699494176432845
80,1.97922387581578,0.0738395006785561,1.97960311326767,0.076802578313297,1.97479101825298,0.075222164919622,1.97444976106092,0.0792474165878527,1.96592679715643,0.0740635857894337,1.97173035886617,0.0734750857695953,1.98375102958629,0.068834757387962,1.97245804468543,0.0722132973897701,1.97356351550085,0.0706649524730109,1.97102179203874,0.0694853863401407,1.98475742111373,0.0682270073409275,1.97683708411621,0.0691838794425128
81,1.9784037040176,0.071004665411809,1.9765381970244,0.0762187600115595,1.9734165660376,0.0735472801047509,1.96689513909212,0.0703859834529989,1.97164208693908,0.073435779066651,1.96680183819437,0.0710437824041257,1.97995331067212,0.0678211530192808,1.96349728715754,0.0724251013216873,1.97449173409098,0.0729560631498169,1.96508969721982,0.0703354199585746,1.98331031256679,0.0645704840363109,1.95810893036622,0.0691216791104985
82,1.98538680972732,0.0786227706846961,1.9694293843267,0.0699012294813698,1.97228679777291,0.0740243632197625,1.97750408220082,0.0747855241132212,1.96570661782043,0.0703979754499429,1.97832884547428,0.0741847608950783,1.97799124338349,0.0676662732365067,1.96656810387603,0.0701466325565274,1.96760063644028,0.0718009762131208,1.97228345116296,0.070440319432568,1.97317860077877,0.0661471546306956,1.95683407780706,0.0657158609676175
83,1.96909055149962,0.0711826193008868,1.97809580041732,0.0735919193279245,1.96678664227733,0.0716304252173037,1.98258941888667,0.07439250406512,1.96825483577918,0.0741116295864223,1.98408271998818,0.0726429389249603,1.97135251310359,0.0666755392990985,1.96829073244207,0.0672508478087831,1.97992022838665,0.0746913522240037,1.96108386775958,0.0673031965290736,1.97233603011463,0.066046794607205,1.97411378518419,0.0698016988528675
84,1.97830918278981,0.0711549326799152,1.98281172192731,0.074762308296729,1.97631475481271,0.0738899540343204,1.97510634266052,0.0710342503008867,1.96660608324367,0.0705660627464655,1.98595170841801,0.0762442586189363,1.98611203973943,0.0661682607346627,1.96252436605873,0.0693615422409008,1.98623960106013,0.0783665927929643,1.9763487282182,0.0698633048907284,1.9801403440051,0.0643416089724038,1.97581703222746,0.0724734306824389
85,1.97403258836741,0.0730308161564895,1.97388025340588,0.0705272354185566,1.97072285997039,0.0725224654134706,1.96868273167791,0.0696315478434987,1.97824937780074,0.0734250149787309,1.98179091452726,0.0747383432122146,1.97332262719325,0.0648240651573947,1.96386920818671,0.0721163839179753,1.97065776763662,0.0723629420971903,1.97960519715109,0.069423445858231,1.97490654551644,0.0676382351885735,1.96942460812908,0.0667046751917029
86,1.98741189480313,0.0782150623188386,1.97050189692077,0.0745396753858173,1.9801255222645,0.0774069580595183,1.98295724763881,0.0735960212057018,1.97864601669606,0.0749152578670303,1.97524771521399,0.0691975208886408,1.96971090596109,0.0634042253766136,1.96299919288324,0.0672616680134709,1.96461027306443,0.0694662709427563,1.97872379217907,0.0697474558874521,1.97994126244609,0.0638831286223695,1.97863243708741,0.071425943681395
87,1.97214865024996,0.0702525888570686,1.98011629270381,0.0758280096856173,1.97630584676119,0.0705243822016793,1.97004383012883,0.0697638967393931,1.9700085562185,0.070807928072531,1.9773840678307,0.068550381084209,1.97397292123564,0.0601531547223698,1.96573215774135,0.0693391759282012,1.97945067450438,0.0755643492225126,1.9685676992968,0.0667908714552148,1.98725405500337,0.0671110443045964,1.95490913411328,0.0647154818845255
88,1.98352435227725,0.0747361289036208,1.97455130920523,0.0721063505527226,1.97284016433987,0.0724123465833756,1.9652471168122,0.0696169992618612,1.97355347767155,0.0729277431711434,1.9639580987082,0.068696894047875,1.97581875247653,0.0623763176093849,1.95419553211815,0.0648750956987465,1.97008012945324,0.0726943480169564,1.97414999891218,0.0688636202999966,1.98695779091739,0.0635559789479574,1.96573482113865,0.0649804597257517
89,1.97916054127138,0.0738054239411297,1.97208406168987,0.0699974444025508,1.97356000881073,0.0666802118731352,1.96540775714942,0.0678200591328263,1.968373679384,0.0715481108298553,1.97996502185582,0.0671523132597223,1.96459199578842,0.0620908861918113,1.96634140611733,0.0656138466683616,1.97416188289006,0.0694454435064477,1.99001229657682,0.070079905774281,1.97504500839777,0.0617999245642703,1.96327426249412,0.0674397593728934
90,1.98185881298535,0.0737584209432412,1.97498097224087,0.072647639343605,1.96597357748887,0.0658877749043692,1.97957692769434,0.0757721437025389,1.96229052958988,0.0673654362880205,1.9725302934167,0.0666616856660866,1.98340775309807,0.0644708424224422,1.96034327495501,0.0666929058355621,1.96281417057904,0.0654601906974646,1.98098123073845,0.0725854425304602,1.97577101877536,0.0627088241815541,1.98079001607529,0.0750996242663695
91,1.99299196874193,0.0749144166777634,1.97671686157418,0.0721540898026771,1.98014572719722,0.0732778377600485,1.96192291671928,0.0667096737397435,1.97909030378848,0.0729722658214598,1.97656927797679,0.0699305988440274,1.97782970140367,0.0624155267340254,1.96639876331483,0.0640683253136771,1.96585430809124,0.0652034939783446,1.97765628801674,0.0688964419568125,1.98618334537255,0.0643730705659286,1.97258862522591,0.0698276023970558
92,1.97557202452615,0.0715969050905095,1.98632948939548,0.0751181046594492,1.97344128142617,0.0725019735488489,1.96981903896132,0.0697612210582026,1.96632503677026,0.0689156519435406,1.97524586951025,0.0697711448298894,1.97181742567625,0.063797668280372,1.96368552285434,0.0649880171937473,1.9737880681302,0.0709046099934459,1.97095737194123,0.0721512261862008,1.97256291354073,0.0609741155484154,1.9702722661906,0.0675615309017605
93,1.98216333384981,0.0744983061656238,1.9696555849118,0.0713873218008332,1.96405921049141,0.0659532660953275,1.97157041644444,0.0713919452051852,1.98579714517022,0.0689300323197434,1.9669435766675,0.0643943546117278,1.97144193119808,0.058808242613154,1.96965604050477,0.066338822788616,1.9818660792543,0.0741743197406528,1.96784059722174,0.0654232713655661,1.97508372092919,0.0615324408653173,1.96148193112466,0.0634345671854051
94,1.98331272996997,0.0719328703502206,1.98326269476701,0.0753915130787433,1.9726550834079,0.0701350706368756,1.9706002350773,0.068430784569513,1.96332246660467,0.0654619611744042,1.97316468325141,0.0642470188164918,1.97407161938923,0.0603081876506763,1.97301068465025,0.0688722704257825,1.96775395157445,0.0712022743618511,1.96453472188807,0.0653151236157126,1.97504375517108,0.062556115510471,1.96399315745933,0.0663067844559963
95,1.96959364830337,0.067458281335565,1.96116604619851,0.0652252508004272,1.97952881971513,0.0719532401077888,1.97839032708577,0.0705637239042667,1.97085097003441,0.0666457191226396,1.97913754173888,0.0666912775368537,1.97965123967687,0.0627148893087652,1.9749563456056,0.066476387660645,1.97345223379258,0.0695445583774793,1.97372693654281,0.0650212728782183,1.98739131936891,0.06504758499387,1.97673430116431,0.069667574359336
96,1.9794069148412,0.0731272920170648,1.98346639637434,0.0732530463321459,1.97622672609662,0.0691486305924373,1.98014918330234,0.0675638725661695,1.98530189933858,0.0675435414028291,1.96419162337397,0.0625491519118865,1.97958713007162,0.0619786912941171,1.96677082700016,0.0636371568973831,1.97414799437786,0.0685204938053433,1.98515732260744,0.0656452254583016,1.97463708823076,0.0618336953182073,1.97098358305658,0.0662485812573529
97,1.96552040147219,0.0682876323378193,1.98888019874114,0.0762522183183997,1.98468576590201,0.071284330620037,1.96872847910493,0.0649151843612534,1.97099526095362,0.0685931497970716,1.9836097845275,0.0682527759678854,1.97555516759013,0.0586441172051512,1.97243053294793,0.0652661266713512,1.96536521534079,0.0665569815743602,1.97312622214381,0.0652418562744353,1.98352407596029,0.0616141731338715,1.97020224834489,0.066030500220042
98,1.96651700314252,0.063057232858017,1.97004960832905,0.0659911740595691,1.97606614212593,0.0683018060814193,1.96820630580169,0.0672507634807564,1.9764015352489,0.0688390655201592,1.97316688750924,0.0642166648697174,1.97325297733832,0.0612954363299661,1.96254170420123,0.0658395181476958,1.98016950540825,0.0685577009288974,1.97350944422271,0.0629196954661064,1.97977682128624,0.0648902481170581,1.97651974197012,0.0695465283893503
99,1.97885310546978,0.0690802130654806,1.978363675845,0.0682916692153647,1.97191470234277,0.0667829495036176,1.96485639659399,0.064529997807281,1.97026973209096,0.0640281481075122,1.97186407968134,0.0666816310920994,1.98002380586966,0.0596243361158091,1.96557936820424,0.0661027268851652,1.96620883526121,0.0645160212526783,1.97481427442401,0.0656735901554608,1.97789666922048,0.062210043058234,1.96133130726917,0.0633053746191899
100,1.98540714775661,0.0683425491553371,1.96711284028674,0.0662091681264847,1.96405452670507,0.0655732833958505,1.98035727841172,0.0685424808277155,1.9704135082212,0.0648633718707044,1.97870808957422,0.0653100743219203,1.97779914171066,0.0600201580511982,1.9616904141151,0.0601591880737791,1.96535816294982,0.0688502103021467,1.97079938169745,0.0636355431105396,1.97446850935619,0.0564663620964344,1.96218618781785,0.0592836037329263
101,1.97435563519885,0.0622414560467438,1.97601421019095,0.0685685934737628,1.97587852138928,0.0682479701508399,1.96608144891868,0.066154923918773,1.97501800536469,0.0675758981902542,1.97604979012814,0.066354869668242,1.96680569082334,0.0579881620069754,1.96446237824015,0.0621372367359914,1.97176511235995,0.0668904553722527,1.9759597646613,0.0654794071291991,1.97180101153308,0.0592031533329899,1.98217062214697,0.0667557982346299
102,1.98184544690308,0.0696625444907304,1.98392379548885,0.0714601705742097,1.97220606292267,0.0649933153209254,1.97667547223367,0.0660202221513931,1.97826759548038,0.0705317203616507,1.99460812105716,0.0726403860939559,1.98026899655546,0.0595225180123854,1.96465106832543,0.0584468603461524,1.97963356652945,0.0726183008726024,1.98070651182413,0.0658908778087421,1.97572153797277,0.0595226127143271,1.97310226351208,0.0639531127704664
103,1.9737564929902,0.0660353332350917,1.97198867416117,0.0663840618535825,1.97873662749809,0.0717970084729073,1.97528430632234,0.066680717159028,1.97770792433854,0.068462915541626,1.98467758565002,0.0648053812793352,1.98345760765915,0.0648155764868546,1.96349649305307,0.0632735263720139,1.9714483059952,0.0682021007057817,1.98055558739772,0.0691952644033385,1.98320791836709,0.0584807077515539,1.96959540347097,0.0614144192903695
104,1.98566016741554,0.0693707108162297,1.97404286865535,0.0696969208160775,1.96706157905223,0.0625112438889781,1.97536352413701,0.0649075406495228,1.98596788867108,0.0686575916375108,1.97003438054124,0.061892089706451,1.96987104124533,0.0567407982428164,1.96315785588464,0.062509690919396,1.96199355267172,0.058877757022769,1.95575951704562,0.0588618233653343,1.98374372234979,0.05783812159203,1.96846669804891,0.0631913312496108
105,1.98625995550389,0.0693409958778778,1.97574466864967,0.0674139366307463,1.97888608432177,0.0649060678046835,1.974175696578,0.0649099150916583,1.97279133601508,0.0682782776701352,1.98286988628466,0.0640119807385245,1.97413011208454,0.0592505332251088,1.94998000707966,0.0591358094842153,1.96717654450138,0.0651002796060708,1.97823944792218,0.0628240367861408,1.97900877157908,0.0619740267556968,1.95856862088203,0.0620429931398773
106,1.98140123547815,0.0668465165447944,1.97620534141068,0.0685495404143705,1.97524407736776,0.06826583193453,1.96847533565278,0.0665842724464795,1.97722215961792,0.0704266258980056,1.9860791168233,0.0676088941718098,1.98277539890068,0.060688172456272,1.97104013960374,0.0627985680486636,1.97274877951796,0.0641532898787339,1.97593244857347,0.0676700865636014,1.98692716251564,0.0607728545327683,1.96812964616464,0.060884103926104
107,1.98265726340297,0.0691925057657819,1.98097418538647,0.0699915346415087,1.96780524538912,0.0662147828847432,1.97508647342823,0.0646706914513631,1.96987200737364,0.0651458016528833,1.9753358487836,0.0644605968028583,1.97972492345497,0.060533609207019,1.97161618217594,0.0643209449227645,1.96284863643092,0.0610562700345076,1.9809691871127,0.0655676109994452,1.97843546823279,0.0617864188325175,1.96904214951403,0.0628016695584796
108,1.98023257102076,0.0641598293913623,1.97531464522368,0.0651771749911783,1.97531901940526,0.0670169764928878,1.96597160157622,0.0651703556831181,1.96813145070328,0.0641489662663781,1.96521064302901,0.0594004002615003,1.98049778859031,0.0584521796205495,1.96340228669649,0.063008162746234,1.98347689788424,0.0680401763753472,1.97637627517653,0.0659631751945338,1.97808581675534,0.0583485387234097,1.96778589344755,0.0649834694040103
109,1.96968974735357,0.0626941454847455,1.96982095239861,0.0646234056274451,1.96880648937264,0.064591911847994,1.96934516635308,0.0652376095956503,1.97869072836575,0.0663541800176652,1.97360484656186,0.0615834595250853,1.97563436458402,0.0569562838909801,1.97896598636838,0.0660829276641469,1.98150242181449,0.0678355886478311,1.97140454299677,0.0643504781761416,1.9755907874899,0.0563443906742816,1.96314721156189,0.0614645731527261
110,1.98023053326117,0.0635969369916763,1.97533581825319,0.0654292515400445,1.97451457195265,0.0648523026659703,1.97102768982256,0.0680725908109347,1.96245143191837,0.0624287567426465,1.96996541549694,0.0595439864532857,1.96995747443419,0.05682565357907,1.95489953236719,0.059354042219673,1.97634274869653,0.0628783219560514,1.98417310167773,0.0663668545434632,1.97531473007369,0.0545902942101546,1.97054607605183,0.064186066432207
111,1.98469354208336,0.0674562625466094,1.98177349214149,0.0666430972174972,1.98119159250442,0.0663984453266789,1.97447501401969,0.0633353648439728,1.96191498423081,0.0600304279599433,1.96991527640327,0.0612651490672288,1.97455002700285,0.0564121073832661,1.96259966981147,0.0616372230294724,1.9783671807052,0.0637266117584948,1.97084154191399,0.0628711460703171,1.97884832003966,0.0582047749215132,1.96658513396727,0.059953835421741
112,1.97844184854791,0.0647950655518725,1.98067888247136,0.0700695972031662,1.96059264061172,0.0609401573663137,1.96992855239165,0.0623066532273453,1.97216512555411,0.0620632837198988,1.98483205867738,0.0640821062772644,1.97210731341793,0.0570205027573894,1.96795404973442,0.064243331803246,1.97094446618546,0.0634554487659538,1.97343580272916,0.0608632104658964,1.97761548429579,0.0574975396966644,1.97413619279279,0.059389595775282
113,1.98468015703771,0.0667617886722093,1.97608233833461,0.0646274435182385,1.9819475298955,0.0671749803991186,1.97702224552916,0.0634931827154446,1.96623828389259,0.0632050042166392,1.98687760447802,0.0652957064289036,1.974489485973,0.0558194383300646,1.97122951860751,0.0625399359180913,1.97951899629027,0.065787654500963,1.98232938292275,0.0634868862347461,1.97091297954423,0.055917583875512,1.96496535322406,0.0593107474291453
114,1.96925206217056,0.0635664687175167,1.97812720403878,0.0659974127171192,1.97579703724309,0.0630540573446572,1.97625595385139,0.0634210258214176,1.96936308844707,0.0620794870732721,1.97693866901932,0.062207964055789,1.97590658406776,0.0565421645281829,1.96684366896221,0.0595045388763208,1.97550164489417,0.0633387846239653,1.98449323496954,0.0657560550945935,1.98506709240456,0.0602419317742156,1.97300191020479,0.062127363329637
115,1.98230620108306,0.0644001767249861,1.97971065973398,0.0649388011733152,1.9623508599813,0.0571082083872131,1.97019641679204,0.0632665927382298,1.96654780547572,0.0605551766373907,1.98802112591395,0.0617382814431605,1.97998671498631,0.059026094485012,1.95456712406778,0.0550687176061016,1.97374217785859,0.0641218687518176,1.97721084766728,0.0610133187091851,1.97458814929743,0.0563338193745073,1.97328318573077,0.0631464046068729
116,1.97980985632303,0.0633374327538834,1.98028665003582,0.0661930200367886,1.97254601399084,0.0629006750481452,1.98078257400897,0.0624630910664426,1.9556308718033,0.0591428592006045,1.98510474086941,0.0643327041919114,1.97654496046961,0.0579345207088188,1.95609576243751,0.057702319746745,1.99418669379807,0.0677665546304801,1.98025490769042,0.0593765976753415,1.96306732146633,0.0532192489480133,1.97313336711847,0.0614639670464452
117,1.98231736951914,0.0647781094106513,1.97117777984568,0.0643080227586437,1.97010173265699,0.0608580084079319,1.97917726905446,0.0631846602410385,1.9713583766395,0.0602916535876255,1.98364175608067,0.0636119181132227,1.97608346237572,0.0553358208594982,1.96047865821416,0.0597846428101247,1.96547246396258,0.0578702777355292,1.96623899488633,0.0576261906024293,1.97957312054978,0.0558238318968119,1.967589687836,0.0594119821094234
118,1.97107081033868,0.059572353880553,1.97502227670063,0.062178172172529,1.96230196443146,0.0600048867010186,1.9810313505538,0.0645786779166516,1.97955988586609,0.0653065810317547,1.98529511140701,0.0627600840070549,1.97587510264494,0.0563117433401778,1.97017636378317,0.0588352475916985,1.97441275312181,0.0629371941550717,1.98190106628506,0.0647088168261131,1.9782471803235,0.0557832773507449,1.96665503168542,0.058812026609096
119,1.96886470919291,0.0568625680506825,1.974179159984,0.0598340728129273,1.9779921638797,0.0654340057027485,1.97546745552831,0.0601441762914196,1.97949821177676,0.0630538664731553,1.97882034007252,0.064559918870296,1.97617114045506,0.0549807356931914,1.9645193489701,0.0576114526451257,1.97330534864651,0.0619284227036662,1.98126724972001,0.0608158319620154,1.97719351000812,0.0550537561083016,1.97421935524838,0.0588188811169626
120,1.97063313196284,0.061227375341611,1.97174399612902,0.0648859380973981,1.96748129564448,0.0613685968828757,1.9790492307607,0.0626804054605233,1.97145377909951,0.0622630857554616,1.98551465835294,0.061267709280805,1.98567760522508,0.0554391152521087,1.96840526628462,0.0578000593182098,1.97511947047362,0.0607690393203019,1.97180507403559,0.0560551369437741,1.97493988302283,0.0553824525959462,1.97935556630022,0.0604380069295724
121,1.9636815948381,0.0597818356581976,1.97758756553205,0.0643178469535203,1.97086086096052,0.061062440581613,1.97768820653669,0.0611157043350286,1.97636694629587,0.062119970616768,1.98307612668183,0.0621572164835245,1.98407728777269,0.0530633158127648,1.96831614575927,0.0586943852762643,1.9691616934279,0.0620513288395622,1.97594974346697,0.057898941264247,1.97460082139423,0.0559319328204754,1.97310795664031,0.0578765728830215
122,1.96506155962844,0.0607861399010809,1.97862673301065,0.064199361266276,1.98621543674546,0.0647936911710453,1.96948372859479,0.0625717911923204,1.96926146230935,0.0608988070401492,1.96761113416221,0.0558417254890216,1.97776299500785,0.0554153956018466,1.95867252403254,0.0570037101425802,1.97902538886263,0.0634600217310673,1.98221309039019,0.0616193016445125,1.98077417687037,0.056078033543487,1.98163387740779,0.0623702137712255
123,1.98811299807641,0.0660444809937014,1.97511816436431,0.0615768384649936,1.9691058786974,0.0584635249192631,1.98424336723009,0.0619823898010339,1.97343005700564,0.0593370317681793,1.9698077496121,0.0576345188554321,1.98379782567216,0.0563589707974716,1.97047199874667,0.0579972711191655,1.97373220039205,0.0568732831286727,1.98272738144043,0.061436148236261,1.98345553076636,0.0567727034672428,1.96979697543147,0.0577671793657532
124,1.9713981053299,0.0620817827287719,1.97395481427637,0.0619218698873849,1.97191413750806,0.0598887439993858,1.97750264564705,0.0602081298160628,1.96536759051543,0.0594581852486222,1.97260534290059,0.0584804482968012,1.9803603846515,0.0560032785514509,1.96162679570406,0.0577602694092107,1.96500549177222,0.0588526117421753,1.97448065100084,0.0596819415371633,1.9794119832008,0.0526827254490449,1.97102463762592,0.0588412714429005
125,1.97355683873763,0.0623248978362395,1.96445957120154,0.058638290745265,1.98140152782725,0.0625736542565506,1.96828397448516,0.0582914452811056,1.96755786791121,0.0563466347885565,1.9817773502361,0.0590179516740521,1.98022706386294,0.0549009613382108,1.97724704856231,0.0601448018913993,1.98288852169107,0.0649049089941797,1.97600827418818,0.0606864214693482,1.97365827338102,0.0524495711123811,1.97385300132735,0.0603122461879119
126,1.97720357518729,0.0632297574239925,1.97275673018243,0.060222744881261,1.97712156284349,0.0632567646005985,1.95650857557168,0.0570201125257433,1.96682294405279,0.0573772103430306,1.97200613870856,0.0560964732824601,1.97564180352674,0.0514964465360338,1.96146813796836,0.0561774743157811,1.97464908425537,0.0596596783289657,1.97900176319691,0.0636410915516937,1.980218450619,0.0557647760822073,1.95701686235155,0.0545087964941519
127,1.96742239208233,0.0582418364125724,1.98729184582113,0.0635008834937315,1.97786990735239,0.0638499659012414,1.97624569346552,0.0599549482699708,1.95887015882189,0.0560155240546642,1.97558293190549,0.0583146505526763,1.98064367180674,0.0539987841768984,1.94867239827288,0.0530012813771297,1.98582230595223,0.0637936206315503,1.97997796479265,0.0585381662508175,1.97156348534798,0.0509813490074241,1.95375655265246,0.0545388525607699
128,1.97486181111925,0.0612870197435511,1.9776131461746,0.0596870462406155,1.98139388479554,0.0632111164341448,1.98329120573653,0.0643965936743849,1.97141869460317,0.0587145026437512,1.97096672113935,0.0588631947644768,1.97565991986783,0.0516339695311392,1.96980432511502,0.0572997245592977,1.97765091134758,0.06239513207788,1.9780928107497,0.0618458989910725,1.98195617340535,0.0531480181982409,1.96707174060633,0.0567974182000576
129,1.9704433421869,0.0615037753972882,1.97114567279739,0.0608232469200099,1.97142786206263,0.0604204273740308,1.97277562145483,0.0592762515915466,1.97437028517072,0.0608535085110887,1.96995729296679,0.0553274343546744,1.98223604471731,0.0533785143149658,1.96734593721649,0.0555971784178532,1.96896015999166,0.0577633662675003,1.97114848479811,0.0583652514897409,1.9711328257337,0.0525877461615089,1.96957884623954,0.056850591910287
130,1.97995937329944,0.0630084649830424,1.98474984801628,0.0645796485041966,1.96614602024909,0.0576220337215607,1.97352594040258,0.0607619186400405,1.97697736211237,0.0580870558939374,1.97387150408275,0.0592748852457382,1.97590881693841,0.0534702467588207,1.97397279757362,0.0586457882473313,1.96564504494466,0.0609262548044332,1.9728605766163,0.0572516274835896,1.97732507864257,0.0539391615009176,1.96655902609021,0.0568764560940988
131,1.97506838386302,0.0602272023056126,1.98040006439444,0.0631175801244154,1.97344459440769,0.0605853357184765,1.98315853746287,0.0633507769027817,1.97228445427943,0.0574773656729481,1.97858456078997,0.0594795787054396,1.97948427819187,0.053081962628409,1.9591027690107,0.054038400436315,1.97570861973449,0.0599028356843178,1.97916160627854,0.0617252930482518,1.97951446095477,0.0540219842877876,1.9726392819994,0.056944383974486
132,1.97770791646415,0.0606498788112045,1.97358536054161,0.0609972457071311,1.97646740022998,0.0566852275029023,1.97827559446459,0.0593979642962899,1.9721490692919,0.058604351622808,1.96742767364712,0.0594164011586085,1.97713783113793,0.0533811128626816,1.96530261747696,0.0572715473180377,1.97510134720177,0.0605115961315632,1.9840446515106,0.0637606418123552,1.97881383608216,0.0531678169286247,1.97121652635374,0.0572674946751217
133,1.97208156783264,0.0612815481233011,1.9797642427939,0.0604940085976235,1.97896625462664,0.0607459545966168,1.96740482270358,0.056917048540626,1.97846844064295,0.0618171972036185,1.97231664629306,0.0559592065973277,1.97417142926975,0.0521720016368118,1.97372694790163,0.0597273859573782,1.96343834406795,0.0559619355787842,1.96874486806195,0.0590540391377009,1.97083446974599,0.050834606187877,1.96906902017625,0.0555876071543305
134,1.97009045516635,0.0583821921664695,1.97575500224358,0.0592280749976185,1.97824921529963,0.0612245597966677,1.96466042589558,0.0562027299041516,1.97710558635558,0.0583999593994872,1.97702382647209,0.0589896779634425,1.97809986134881,0.0513653398757397,1.96134002166322,0.0540570590031008,1.97576423485517,0.0629247936569312,1.98443432545556,0.0579556195490456,1.97745642917548,0.0528304291547565,1.97004867940417,0.055939333836781
135,1.97319476147445,0.0601637929248598,1.97628800984367,0.0600513718086449,1.9619773629276,0.059002841136148,1.9724002784343,0.058794510681828,1.96416559312658,0.0549433040689079,1.97043421350381,0.0585390081311509,1.97494809063274,0.0529212606232838,1.96860764409697,0.0568828606372001,1.98125899922764,0.0631092064462964,1.97810089858715,0.0592762307645091,1.98056196282791,0.0540671948910871,1.96753792902678,0.0551409307955975
136,1.97532798696408,0.0577787155097,1.9738353869036,0.0611725335539802,1.9739351909579,0.0588726884081556,1.98179059322427,0.0626180557906919,1.97121032089591,0.0581371215343635,1.96420238306638,0.0526019777067606,1.97667642904581,0.0535272399037433,1.96685615598052,0.0561062967332876,1.97425434082558,0.0596152017847501,1.97142784988981,0.0571435192265191,1.98036519504355,0.053220911511313,1.97482965378771,0.0581681795783033
137,1.98116393217533,0.0604591552649521,1.96521279662786,0.0575465093092065,1.97804016765554,0.0572055517677431,1.97180931588187,0.0565536795839807,1.97077087902895,0.0584752574032704,1.97094077930366,0.0560384897705169,1.9843878439912,0.0533409653148194,1.96836285111118,0.0534023889017114,1.97640465983323,0.0577138403251671,1.98659533599633,0.0603214083928498,1.97312717646221,0.0510308148357601,1.96383602223663,0.0537672983083509
138,1.97001370186922,0.0570709053745035,1.98694728560028,0.0638266838268577,1.98084013023668,0.05954411556314,1.97846559245735,0.0567940120033263,1.96583875609467,0.0547459745686739,1.98223864738797,0.0587204077593796,1.970862539201,0.0496159161896904,1.96465860307846,0.0549911907153736,1.96728242649711,0.0567442411697163,1.96827327384428,0.0557341156896194,1.96863609978069,0.0498764508433383,1.96482895713772,0.0531275440127921
139,1.97229979156082,0.0577011716957463,1.97663181332709,0.0616284372021706,1.98092003750716,0.0582814563858485,1.97034597793448,0.0571019087186148,1.97351954825895,0.0606196559764513,1.97115470582365,0.0542304272754566,1.97680146050222,0.0507098344471211,1.96373434232606,0.0540408532496914,1.96981920419242,0.0559592613675079,1.9793171377696,0.0591714393237951,1.97736363677243,0.0512230348799363,1.97307041993435,0.0534568332330592
140,1.98219765833027,0.0573292303780785,1.98464236123138,0.0600067455004133,1.964098101164,0.0558130572156742,1.96896132827836,0.0547608106954894,1.98021612887908,0.0586977140101154,1.98079635726009,0.0577708729902848,1.97584708593808,0.0554495957416207,1.97034130389329,0.0573645244995718,1.98430959410116,0.0625227587099603,1.97193481752959,0.0528736166199248,1.97181527082849,0.0501322455985979,1.97191339741352,0.0566374970638771
141,1.96969487889207,0.0589446041267252,1.97369798512473,0.0586809640031714,1.97382758816516,0.0576733543423429,1.97774489859732,0.0606343713072995,1.97972440837927,0.0609458920251748,1.98379932888304,0.0597439677131461,1.96878134233808,0.0488209866595069,1.96974870678136,0.0595185295138201,1.97239731577817,0.0569675075359358,1.97566118480904,0.0552416069209106,1.97782068592133,0.050144518499924,1.9819441304371,0.0569630404226066
142,1.96715220629805,0.0579171985775525,1.96838682131841,0.0577290230740742,1.97169949903609,0.0535359552423608,1.98295945870108,0.0604752776369784,1.96746461859714,0.0553449202959549,1.97937914330012,0.058268520337071,1.98207355730336,0.0520393906953498,1.96958122131538,0.0529760801355494,1.98016569010635,0.0601541300939392,1.97636133556339,0.0551360459163103,1.9795025468598,0.0528117244335988,1.96690115905372,0.0535139107002809
143,1.97614393473459,0.0603132700513996,1.97279149625186,0.0567764716504846,1.96586776064448,0.0555091745910203,1.9686560059452,0.0569798178413137,1.98230388167795,0.0575091784769846,1.9773268365632,0.0568811767972273,1.97988639750991,0.051417036083212,1.96113292799765,0.0526912371092091,1.97449492532832,0.056089829993117,1.98192044821796,0.0560364347230049,1.97353738048084,0.0514831465183792,1.96778883392532,0.0544521186345772
144,1.97522893214388,0.0591423067439687,1.97816247524553,0.059476694728447,1.97448195816676,0.0567838087685789,1.96207922803025,0.0536977752677366,1.96330156648629,0.0552574857931087,1.97869501693675,0.0548894024176945,1.98098237982987,0.0508882299105576,1.97238680635449,0.0565365572450821,1.96609556883858,0.0568128739622772,1.97110176204834,0.0544459020368693,1.97155427858757,0.0492265379748239,1.97607668897057,0.0566116412088231
145,1.9701169430709,0.0543988556189871,1.96924531068439,0.0556708325688105,1.97034113833988,0.0563532325558352,1.97006566895728,0.0548411024097797,1.97628145592862,0.0586089646634524,1.9634506403689,0.0504167526063024,1.96704005842634,0.0472136593856651,1.97064920377325,0.0544992193905762,1.96723031290895,0.0543849811454524,1.97263091197051,0.0546408505281028,1.9765868214818,0.048954075284525,1.96708652825141,0.0531806127695823
146,1.97254832727167,0.0587740184320185,1.96395861169815,0.0543714384281686,1.97664415954903,0.0565257203285556,1.96497530372182,0.0534428029840401,1.97271868809938,0.0582627171063156,1.97322234705573,0.0557823243276567,1.98284682489853,0.05269298612445,1.96418710251391,0.0530443680426538,1.97071891150166,0.0538752112571785,1.97419804088526,0.0555737374127899,1.97867445582614,0.0502920538405894,1.9655761717142,0.0526811730538696
147,1.97387165134935,0.0574827009617931,1.96896898494806,0.0562258526682577,1.97511586866825,0.0570439064162445,1.97483659288334,0.0557016013142083,1.97344531915772,0.0553342402709613,1.97006226659554,0.0522960129564524,1.97386663018488,0.0505236191181234,1.96590762854473,0.0537027240578168,1.95968603541646,0.0520681020779328,1.9707526664915,0.0528058790130779,1.97436668211961,0.0499319847937393,1.96003699255822,0.0514640984260421
148,1.9740855706355,0.0573825593271071,1.97301999029121,0.0586581554664452,1.97292522883656,0.0572025320708514,1.97491622107666,0.0555804105903922,1.96502473045196,0.0569234853368745,1.97326702679154,0.053306366593668,1.97494857689643,0.0497034784223785,1.96298803901334,0.0511468686738076,1.98105293584322,0.0552978826232819,1.98164647482398,0.0590831303457303,1.98054599108981,0.0509425970282156,1.96762649536313,0.0529964157187872
149,1.97572953338361,0.0566049207071614,1.96835734322979,0.054764350202545,1.971559173321,0.0539102238748558,1.96567797009927,0.0552775122424239,1.97420026558774,0.0547298711440887,1.97660970446082,0.0533465417045726,1.96996955820204,0.0466401628758519,1.96682422646915,0.0521128909322892,1.9668522697875,0.0549105609596335,1.97722819939394,0.053203777349254,1.97463160043027,0.0501319349560737,1.96133925171152,0.0526266765332184
150,1.96828289485012,0.0552006342890473,1.97486832057309,0.0576655202123315,1.98185160970147,0.0575733693377047,1.97287504204962,0.0564919203038012,1.97417845114249,0.0551762136070832,1.97422049152814,0.0550240670794112,1.97299545561231,0.0486934500699061,1.96618210034848,0.0538114490652481,1.96637239321081,0.054983026474094,1.97396174978815,0.0553937834800153,1.97587455195011,0.0498934111547695,1.96387854424277,0.0524062364391273
151,1.97903654726817,0.0549670480693347,1.98392366907939,0.0605895665776375,1.97384543240685,0.0543131800914747,1.97408621137654,0.0556184262896125,1.96851043003698,0.0537733928481397,1.97570038017614,0.0561641910654332,1.97616694166014,0.0494981795195894,1.96927296546847,0.0536991809444353,1.98147443740077,0.058268745954408,1.97722400991561,0.0541674471007125,1.98145840573977,0.0520185922351893,1.96699721513006,0.0518090620881203
152,1.986306389837,0.0583690258816145,1.97648292689157,0.0588223819485108,1.97641548788115,0.0559739291435907,1.97276339464421,0.0541086087645703,1.97540708283659,0.0568198995449588,1.96967867966576,0.0531307981267855,1.98779598499617,0.0496571414937056,1.96598919537185,0.0525743755773982,1.97139968772628,0.0552129580093103,1.97625812438626,0.0547318987575936,1.97586566142317,0.0499712560236568,1.96842785685041,0.0523489101467817
153,1.97523260673269,0.0574244407273232,1.97768480096398,0.0594851133469482,1.96656027377549,0.0524293954975392,1.95888317313812,0.0516967476821478,1.97276505271688,0.055124206413458,1.96730937385061,0.0524544527073626,1.97139022065135,0.0496417904227526,1.96854856204503,0.0544296750353207,1.96678870481681,0.0550338403275939,1.97010278463726,0.0541887976465618,1.98375659899732,0.0513522406295549,1.96873356534633,0.0526407274536045
154,1.97501660741524,0.0556515202418462,1.96863717210011,0.054262909172537,1.97594492761774,0.0516356690989894,1.97945902332858,0.0576144652408486,1.98582366227452,0.0590089739961886,1.97240450401334,0.0522055055899506,1.97239147925253,0.0472412318027947,1.97232620290916,0.053017690120996,1.97096340584847,0.0548824121093066,1.97178266715438,0.0547118020657555,1.97629479979818,0.0488398881840453,1.96839347599557,0.0535653963541509
155,1.97810916641693,0.0546463660778369,1.97946449937189,0.0574853882130376,1.97204088911537,0.0573214867709241,1.973731563829,0.0558811123392017,1.97772142970369,0.0552251632406856,1.96993673031474,0.0521172426664481,1.97597464152552,0.0483988374906913,1.97231016228871,0.0525858092476857,1.97629674913749,0.0562683450884305,1.98570375131787,0.0562249538654096,1.98759713587609,0.0516122933171247,1.96591700137381,0.0526186142133357
156,1.96921676436265,0.0530838021946135,1.97378959332258,0.0567742873547085,1.96704259741186,0.0560059203019138,1.96609460989771,0.0532229858965414,1.97017582083494,0.0534294931169723,1.98015166610316,0.0518993068784771,1.97964663820915,0.0494413774890558,1.96304818712996,0.0502288668086082,1.96114739079546,0.0529162827542073,1.974498156543,0.0525329003874641,1.98282850100683,0.0488512051561327,1.96529294239646,0.0503861478166855
157,1.98062135696514,0.056364193643369,1.96958516100253,0.0540165357110124,1.98164646327453,0.0578468451362184,1.98427144339668,0.0573299705076246,1.97831319057983,0.0557781321463955,1.97081259861071,0.0531815864572795,1.9747943409141,0.0485492660734069,1.96620886918827,0.0504835495040946,1.97775390105688,0.0584944781528091,1.9647206117792,0.0513171170435342,1.97985508090787,0.0492466917570807,1.96380961297119,0.0502238381698794
158,1.97109399306002,0.0543061934967891,1.97963148794225,0.0579639054054907,1.96500956367884,0.0513774748114078,1.97626191693951,0.0570847752254488,1.97419468980515,0.054895564903499,1.97733657849637,0.0526682077922068,1.98096209664104,0.0500991133656454,1.96382125047842,0.051453579576376,1.98118835001059,0.0567090058303992,1.97338324113745,0.0546863321007935,1.98536799932397,0.0506897773388216,1.9606264045537,0.0528761566872591
159,1.97496938825447,0.0562401988851304,1.97648160439697,0.0569355254254403,1.96594457551359,0.050520325272058,1.96643819485867,0.0526256106842086,1.97065007204922,0.0516993461317367,1.9715995080109,0.0517989779985078,1.98818967360348,0.0522512518101996,1.96812193119257,0.0524751283614238,1.97629191292442,0.0543821848159824,1.97188500282983,0.0545763862627645,1.97364933218042,0.0491458430497585,1.96544138325576,0.0515718609079031
160,1.97040138605986,0.0536850251554075,1.98125898998433,0.0563035368412004,1.9801411871281,0.0560756124524914,1.96526638729405,0.0536359655190507,1.97135193845316,0.0537782607622282,1.97793453244473,0.0516385841744181,1.97590456395214,0.0473705435655877,1.96197017136064,0.0520028588245092,1.97630330296656,0.0549817870887308,1.96400656184894,0.0517555911551969,1.97773297439862,0.0507859527137097,1.96219461531169,0.0508840367833579
161,1.97645004761712,0.0549421117804814,1.97414516572947,0.0574744946976479,1.97153715369091,0.053506440913509,1.97244474007015,0.0567854714029884,1.95915381611638,0.0498682916924479,1.97824675139757,0.0532054973666689,1.9689890958093,0.0456823293507167,1.97661613829376,0.0540863756783104,1.97598170072459,0.0558089189145799,1.97773500652197,0.0569269759669207,1.97311462700411,0.0464055257994513,1.96783465227364,0.0507977148546888
162,1.96634498268033,0.0528917164596465,1.98139338670035,0.057555849812641,1.96669892643169,0.0517728147632567,1.97050983189424,0.0542330752190984,1.96731340455117,0.0532028666377818,1.98255817198439,0.0530163716049249,1.97109926717246,0.0471768663425665,1.96477656876744,0.0508373162030398,1.97431279467756,0.0539657914705338,1.9710176941923,0.0524910025871993,1.97031324483778,0.0480618026835498,1.96433238888191,0.0498412604011662
163,1.96292263392711,0.0508136552298827,1.97840913430028,0.0553896291198784,1.97033076773226,0.0532774781159402,1.97980254143111,0.0533581225547467,1.97429284837291,0.0545640916587175,1.97461351715324,0.0498413429364008,1.977414375044,0.047656774953287,1.96632005745822,0.0512449719730562,1.98183947243244,0.0546047995642863,1.98283595814833,0.0524429628812773,1.97838197864892,0.0477527099479059,1.96679046506652,0.0504576400240261
164,1.98353708179587,0.0548056779726561,1.97787731505372,0.0566146384002001,1.96911934440624,0.052011883265352,1.97760742186286,0.0535654583621445,1.97282897492212,0.0532606500846829,1.97786416783329,0.0516890240610775,1.97661662816699,0.0468564968980674,1.96726777777865,0.052739028452795,1.97726108032106,0.0539498034264826,1.98032816008188,0.050977961894862,1.97288821033912,0.0460064637188307,1.96298907534027,0.0501351226088909
165,1.97275752143407,0.0533263197000176,1.97769018821626,0.0553453488929913,1.97364840212712,0.0551306945550459,1.98208646625721,0.0567719934897241,1.97005098684769,0.0522884584989345,1.96696694201862,0.0504551906452182,1.97148259957967,0.0461566010411339,1.96202419906241,0.0497928102779066,1.97166144286497,0.0524729930649219,1.97578166444992,0.0527928257986647,1.9682924851769,0.0460598009930236,1.98040758894621,0.0554375157221046
166,1.98432082949449,0.0565930109277416,1.97488804109495,0.0543614325985996,1.97605414152132,0.0545318336017976,1.97538983700078,0.0538905915194614,1.97690521851833,0.054412732432538,1.98136578371922,0.0512284144841151,1.98515905904844,0.049345035085788,1.96326902502544,0.0481914366387495,1.97538032695668,0.0541925145043239,1.97044755418911,0.0529642870908695,1.97868206494464,0.047774855057659,1.97109609326234,0.0497810402194396
167,1.98563532653107,0.0574326035767942,1.97402966615524,0.0551523704082967,1.97597639747197,0.0525445060146197,1.96281968480535,0.0506290496613201,1.96743055004216,0.0513680686469386,1.97398874596734,0.0536244011555049,1.9764771409172,0.0482212407016872,1.96386729202622,0.0506022466592315,1.97292210480571,0.0531085968260075,1.98149529262016,0.057117035902787,1.97466840249555,0.0477310056089172,1.97113251305427,0.0506645312325904
168,1.96764116046952,0.0506677101438962,1.97798248014972,0.0572079412822866,1.9847465770461,0.0558594003097502,1.96935815425787,0.0525231552963535,1.96393036564801,0.0514527881658983,1.97228324936631,0.0513797922227736,1.97319970031208,0.0471749844572609,1.96752533096079,0.0505685584516553,1.96966563272276,0.0512698910120919,1.98612617898003,0.0531353000512215,1.97942783232564,0.0463942484114545,1.97421171673325,0.0552211065976694
169,1.97663924669688,0.0549145071883191,1.9724863996074,0.0531677789074816,1.97294784561536,0.0522033908704925,1.98161368837486,0.0548116874822122,1.97940396251505,0.0548838351796047,1.97649218504728,0.0512460775935481,1.97663274351323,0.0470770144611179,1.96925264650476,0.0503147541675253,1.97900807218588,0.0542777693700742,1.96861156479504,0.0501560600155074,1.98469335195468,0.0470447746642711,1.97443193582131,0.0525235190481154
170,1.97761059769006,0.0525235479756211,1.97060996467385,0.0520210079035494,1.97429453217269,0.0498622813579522,1.97753294336253,0.0536233098817879,1.97531397170938,0.0542573226725315,1.97844971061196,0.0512815210892833,1.97563297512854,0.0485634415586584,1.97171794905648,0.0518234962691916,1.97622340094795,0.0517022603626281,1.9771780164338,0.0521473509121304,1.97878483118087,0.0466539126219361,1.96590208194108,0.0513258647935733
171,1.98277580373773,0.0550826544676316,1.97277108929011,0.0526737118327017,1.96337208304608,0.0506590985222804,1.97956104272142,0.0533974493140683,1.97433260205263,0.0535282003732465,1.97408514338003,0.0519564858076674,1.98279107583747,0.047292954956101,1.97235963798526,0.0496032721054138,1.97011507381864,0.0514924630687196,1.97200039705636,0.0512600431357109,1.97563804472418,0.0459183288018681,1.96358268727956,0.0509920427112577
172,1.97687255328376,0.0544698041760706,1.98224102681388,0.0571645300383048,1.97338545583176,0.0525298100531091,1.97016304165279,0.0525340856224965,1.97576244809303,0.0519411945523455,1.97756853950423,0.0491787589318788,1.96829229043776,0.0432048482907377,1.96671590663668,0.0499668187063491,1.96861314790613,0.0520488771350575,1.97441771401851,0.0508666239500089,1.97212256388668,0.0460544019629462,1.96539802153738,0.0504471956069373
173,1.978428903006,0.0522836378711709,1.9807500181272,0.0567107471596983,1.97323636864159,0.0511298174599777,1.97115901509725,0.0524639174086175,1.97462390282976,0.0541459117407825,1.97288401366737,0.052558812636277,1.97138206025755,0.0467181620255012,1.96693811806392,0.0484066364914711,1.98483817480097,0.0532219503724244,1.97427098642171,0.049172643870232,1.97092779375336,0.0451205559265861,1.97486305519802,0.0490141489181463
174,1.98154630147694,0.0542702321626381,1.97462092432105,0.0545214386938484,1.97950996005318,0.0547982109617242,1.97810992356713,0.052194940731001,1.98031798719123,0.0538750686446184,1.97312310341094,0.0518376323042324,1.98476455343405,0.0468629971743693,1.96073998067358,0.0481578655456648,1.97336522944125,0.0515420689513027,1.98387642690874,0.0522485979643559,1.98282736138945,0.0468554519082501,1.96100980127252,0.0483698260471416
175,1.97433407090029,0.0537857907595074,1.9750265441814,0.0541654920255838,1.96651865083197,0.0500755844804519,1.96709353097218,0.0499136190233033,1.97135941880052,0.0525332302443599,1.97203194164735,0.0492402163341516,1.97470254227791,0.0464885302303477,1.95876046811611,0.0461729709605065,1.97007262360199,0.0525778857933573,1.97466589170993,0.0515992159718447,1.9711769828106,0.0457641162233467,1.97058730011423,0.0507408949378033
176,1.96978747265135,0.0511302203866177,1.97393555257699,0.0529846797304344,1.97350251027463,0.0522331807256563,1.96316965963228,0.0490229501908291,1.96750964199435,0.051340740204417,1.97352061890622,0.0495747940542197,1.97396133392213,0.0450988156025599,1.96691703819017,0.0496049900638409,1.9723197117303,0.0511427535011942,1.98392237772844,0.052132618516993,1.97921114577496,0.0463999553023736,1.96751209063904,0.0515893647561159
177,1.97157319854457,0.0521147448174204,1.97775485489394,0.0544893830504684,1.96895241599903,0.0510125954636555,1.96536728393816,0.0515952761248141,1.97584108961305,0.05128028250422,1.97747693936948,0.0520009265272456,1.98124555221763,0.0464912435704335,1.96760308065004,0.0489200605532667,1.97860657954338,0.0519227364462961,1.97499217050719,0.0511844161855213,1.97432502871622,0.0449340371463427,1.97622192954856,0.0531797403887052
178,1.97247396087266,0.0527610997954483,1.97728047529795,0.0524800186948858,1.9673286632871,0.0526275937718453,1.97534974270243,0.0548312817026947,1.97152370744645,0.0523004041149574,1.97329731241915,0.0510999699792417,1.97883960588242,0.046399311856416,1.96207863170483,0.0483202795752089,1.97446045531739,0.050928726313577,1.97556131421067,0.052401713363358,1.98582634749144,0.0488730698857211,1.96690813488988,0.0480775036434644
179,1.97812173202661,0.0541487977163621,1.98057240761809,0.0536305352937996,1.98138424791451,0.0533909316634417,1.97502376508173,0.0524130285525512,1.97125514757004,0.0532302224365166,1.96648327573339,0.0484218443529408,1.97607208126343,0.0446430498052658,1.97260662426173,0.0490330663186162,1.97174861412748,0.0521598079323363,1.97661151667415,0.0524307039108881,1.97674940705036,0.0449974810250351,1.9645518966182,0.0488028805627574
180,1.96866539861069,0.0527997429368406,1.97418429683446,0.0518229237255314,1.96855448929233,0.0512938892779544,1.96443033200859,0.0499863638838914,1.97747447941205,0.0542233764746455,1.97998237363208,0.0505683177764455,1.97278442746471,0.0453689188885372,1.96968502398823,0.0499267598847485,1.96830160887081,0.0512737220561546,1.98503210949654,0.0519167748025276,1.9764602830666,0.0451052873769454,1.96971569156975,0.0479769365456385
181,1.97591000028164,0.0511674587633747,1.97594962300234,0.0528662885400977,1.97900368356363,0.0525555770639079,1.97102947868278,0.0495283773188383,1.97828901615049,0.0518935219235273,1.97419104419715,0.0486940764444041,1.97840412665388,0.0455618120095005,1.96181664889614,0.0476606341750387,1.97469590560592,0.0521672771993484,1.97529976333977,0.051359836813604,1.97554042930703,0.0449356122746344,1.97559093313086,0.0496072977849303
182,1.9798477365037,0.0535765007431808,1.97973794623797,0.0531406328918619,1.96319223395857,0.0481322735427216,1.98030278548611,0.0531114884820665,1.969981305206,0.0510035460678158,1.97276822108713,0.0493738440157925,1.97044964847346,0.0452482795966029,1.97025020449501,0.0502199203948767,1.97732701765856,0.0548055491962473,1.97421457593001,0.05043555811962,1.97428542013798,0.0453218081145432,1.97136940441664,0.0495922122331289
183,1.97484938686486,0.0502008990839777,1.97800899378806,0.053919396582533,1.96998065090345,0.0496180614161977,1.96671094639447,0.0495959666577336,1.96819541217184,0.0479687112766264,1.97738139187746,0.0500578091926743,1.97513249208371,0.0446045797708608,1.9686800679108,0.0487247501277935,1.9743890893588,0.0504145784442283,1.97811029328279,0.0506861839095115,1.97376253605675,0.044539403987047,1.96656418784217,0.0504440500808602
184,1.98354512558442,0.0526534914074837,1.97708744721063,0.0536588196177747,1.97424566837759,0.0497711948381942,1.9727917809634,0.0499521547749706,1.9697538228842,0.0502372536608669,1.97971394710206,0.0498130709973207,1.98404015613149,0.0462212914530068,1.97477364691276,0.04892854908973,1.9615599928384,0.047419464050356,1.98437208290863,0.0515159385063814,1.97129797264165,0.043672208026667,1.96163930381924,0.0471627416551989
185,1.97459632784582,0.0510093924939327,1.97579855852115,0.0525550974015302,1.97621514532929,0.0515586176676792,1.97126010761692,0.0506061616977111,1.96830161858197,0.0503102725243719,1.97367282994233,0.0492725255915476,1.97613358213872,0.0449799975069047,1.97237351791944,0.0509448842505312,1.97738779675694,0.0507110596333147,1.97858650608217,0.0491950362043411,1.98022614813911,0.0457674086650448,1.96882319795194,0.0487187891094631
186,1.98512789391619,0.0538401920979331,1.97902573745889,0.0532859040496194,1.97618310918231,0.0498966517889318,1.97134460684832,0.0494818856431968,1.97221093187224,0.049873610429778,1.97462769624639,0.0513707550366587,1.97423429064408,0.0437968834138258,1.96752335847553,0.0482867123147324,1.9738503941846,0.0513860341263176,1.98345568179645,0.0494080932958119,1.97940257873552,0.0446459319456127,1.96303333984571,0.0466324411381662
187,1.97357887023767,0.050676906395154,1.97172392720398,0.0514925081246843,1.97644084945612,0.0498118817298398,1.979132974246,0.0515256813885784,1.97807598487121,0.0533301883349093,1.96885276273893,0.0479855417887265,1.97536025820197,0.0452937512265924,1.97107277209917,0.0490784474607471,1.96636982654127,0.0503783129774892,1.97881903439521,0.0494333452351281,1.98513800071703,0.0474791421985893,1.96419167042578,0.0462457940010422
188,1.99114234723527,0.0544713289813355,1.9723296312272,0.0517008542785527,1.97697561369982,0.0497437394242104,1.97159744862835,0.0503052136606141,1.9690078766644,0.0501591680263105,1.9770733316736,0.0498016081554649,1.97748283525132,0.0437345295420304,1.97335030027441,0.0495839265215374,1.97864349276909,0.0510929963397082,1.97898886264241,0.0514720954826806,1.97339379955452,0.0449869496129626,1.97625150961594,0.0498249441296511
189,1.96759093156049,0.0496234798694826,1.9763218154297,0.0531925378993259,1.98490825350986,0.052107981772707,1.96877086199295,0.0492099446711742,1.97063599395978,0.0504887297619305,1.97406964172215,0.0489946919781995,1.98652889461089,0.0462457150251368,1.95962931989316,0.0455504091771746,1.9661139073249,0.0497578990981656,1.97125143017494,0.0483090267475664,1.98240995167544,0.0468739830105929,1.96110394650297,0.0468158169528505
190,1.97471409563849,0.0510927225002996,1.97976916982937,0.0530176011519076,1.9868327989074,0.052153155586755,1.9761164195117,0.0514524524285294,1.96910936334894,0.0478212315353243,1.96551116654724,0.0464911033734223,1.98436207302318,0.0460177704848309,1.96817449172477,0.0482943933130539,1.98069220721102,0.051753222774463,1.97993714761587,0.0504675196449167,1.98012387186978,0.0453538992947861,1.96574262568071,0.0486103966624535
191,1.97245091334276,0.0475606071452555,1.97502669704656,0.0533068723077341,1.97749557533405,0.0532173983583185,1.97431032900079,0.0513426766057446,1.97910980805347,0.0512133813764241,1.97782874579084,0.0493340476317866,1.97275797061542,0.0436629379692521,1.96495141981634,0.047196157970084,1.97361538623148,0.0502450511439598,1.97752830831176,0.0506558085978875,1.98474100496089,0.0452470289364053,1.96200456229734,0.0464815964174746
192,1.98125481994249,0.0508149235564108,1.97860395137505,0.0520070375416244,1.97669484926988,0.0490892920489717,1.97197923208669,0.0517494163864355,1.97904429006589,0.0507427410065038,1.97688884788979,0.049876369215658,1.97684170860969,0.0448519677274905,1.96897776317406,0.0479515705714291,1.96958576122195,0.0477641066070817,1.97949552048397,0.0516445988300867,1.97401179049633,0.0430435667398955,1.96948225836364,0.0489816228063429
193,1.97628681672127,0.0493601397972618,1.97953712806992,0.0527235408348042,1.98103014072341,0.0510392704237243,1.97716717529549,0.0486651258313243,1.97312551384573,0.050292904548579,1.9697927083778,0.0466389712646057,1.97802021194862,0.0452892533195994,1.96881993990616,0.049490191546178,1.97473374068554,0.0498808216173007,1.97790296357316,0.0499426033788004,1.97607163594029,0.0436220048920611,1.97220826474983,0.0497190781247354
194,1.9760725661391,0.0494708451543337,1.97467428659715,0.0498322538539536,1.971584495354,0.0491706261030911,1.97374053636662,0.0492404333768407,1.97563301405129,0.0502629856068772,1.97600616772984,0.0473520662855167,1.98441662425805,0.044858735134878,1.97149703675549,0.0483747187315423,1.96798138211011,0.0483568212856147,1.97759308956123,0.0484691492674697,1.97904094468077,0.0444005038154998,1.96553979511696,0.0469942924027292
195,1.98458736635205,0.0526782074444483,1.97398287853775,0.0507229806299664,1.97929733004347,0.0519901015041143,1.98064172244773,0.0507304587660471,1.96759305516904,0.0470186449462956,1.97975633154715,0.0494239282779443,1.98185282042658,0.045268674842295,1.96709593200366,0.0455145882628974,1.97507151580042,0.0497267173094855,1.977582204032,0.0497686516525226,1.97731377335288,0.0417677891835276,1.97211673271811,0.0498039026518556
196,1.97624565005663,0.0498693296523301,1.97521451709124,0.0538697695570352,1.97302929087566,0.0513684673600626,1.97208377718456,0.0490421915899488,1.96955788428849,0.0498179201215304,1.96856002385715,0.0468631399134982,1.98104569256299,0.0440214362251719,1.97203982595635,0.04832461868912,1.98648929986614,0.0529595333144702,1.98206085175011,0.0502228629658897,1.98187040079906,0.0446548447215381,1.96619943138705,0.0475422950640827
197,1.98135719652296,0.0520495038504165,1.9780125051357,0.0501384004156433,1.97234870951347,0.0491351583093732,1.98514373000894,0.0508680703040059,1.97177211351006,0.0510095294705527,1.97932728661762,0.0495517632923959,1.97854166476631,0.0447435771908205,1.97024849890372,0.0464507472114325,1.97344259501821,0.0501835271734651,1.97562947939386,0.0472356796419742,1.97912147907411,0.0439579347109683,1.96927173230765,0.0463359876965277
198,1.97437909341457,0.0482145674415488,1.97412952557512,0.0509436666232415,1.97684346610628,0.051184508687544,1.96596193417513,0.0491869195037508,1.97432889180766,0.049038524798301,1.97406200683808,0.047155210266245,1.97730862329909,0.0439725729667195,1.97382525261126,0.0488524501768587,1.98031368380235,0.0506993760936775,1.96542762150359,0.0475749746725769,1.97147476797913,0.0432102919040461,1.97129740651095,0.0487680871401741
199,1.975611963129,0.0495333565716772,1.97551880501371,0.0499849010626065,1.97724058618355,0.048695735074071,1.97451456771317,0.0506305211048897,1.97461320774849,0.0493249804293389,1.98320797162849,0.0498714764014876,1.97702581245769,0.044169781537611,1.96718395793389,0.0468342359186356,1.96590289522098,0.0481399954908515,1.97596014814277,0.0477861367796701,1.97208288032208,0.0425002578820726,1.96833314288053,0.0485465345963687
200,1.97019276391302,0.0484298390210865,1.97951719070217,0.0523867299338219,1.9831430103825,0.0503117343164218,1.97006235570334,0.0496835808148528,1.96862129658245,0.0481193860529376,1.97469174019255,0.0474726191386729,1.97784971620081,0.0438136688790689,1.97706252538974,0.04788554346996,1.97185342283843,0.0492108532038976,1.97355544183549,0.0472867679352143,1.97907210528388,0.0433658420396427,1.96333312378309,0.0464032177929421
